{
    "total_runtime": 3428.446193218231,
    "num_documents": 1,
    "update_documents": 0,
    "input_load_time": 0,
    "workflows": {
        "load_input_documents": {
            "overall": 0.081756591796875
        },
        "create_base_text_units": {
            "overall": 0.0991051197052002
        },
        "create_final_documents": {
            "overall": 0.024111509323120117
        },
        "extract_graph": {
            "overall": 3073.517886400223
        },
        "finalize_graph": {
            "overall": 0.05773663520812988
        },
        "extract_covariates": {
            "overall": 0.0
        },
        "create_communities": {
            "overall": 0.06660699844360352
        },
        "create_final_text_units": {
            "overall": 0.05228734016418457
        },
        "create_community_reports": {
            "overall": 302.63732409477234
        },
        "generate_text_embeddings": {
            "overall": 51.90027165412903
        }
    }
}